label,loss,zlib,mink,minkpp
1,-4.116742134094238,-0.009209713946519548,-8.738995552062988,-1.871730923652649
0,-4.625308990478516,-0.010324350425175257,-9.518797874450684,-1.6908425092697144
1,-3.029090642929077,-0.006570695537807108,-7.210608005523682,-1.0124053955078125
1,-3.829559803009033,-0.00845377439957844,-8.5595703125,-1.6868062019348145
1,-3.2310452461242676,-0.006889222273186071,-7.868628025054932,-1.3793367147445679
0,-3.759495258331299,-0.0076412505250636155,-9.253199577331543,-1.6542696952819824
0,-4.008769512176514,-0.009366283906954471,-9.373401641845703,-1.5544538497924805
1,-3.4158148765563965,-0.007116280992825826,-9.827938079833984,-1.8785663843154907
1,-3.6325008869171143,-0.008969137992387936,-8.523063659667969,-1.3723698854446411
0,-3.8206963539123535,-0.008077582143577915,-9.249528884887695,-1.961674451828003
0,-3.6424965858459473,-0.008148761937015542,-8.822522163391113,-1.8827446699142456
1,-4.098073959350586,-0.008196147918701172,-9.063879013061523,-1.5504512786865234
1,-3.950827121734619,-0.00914543315216347,-9.288928031921387,-1.6594570875167847
1,-3.3995094299316406,-0.007887492876871556,-8.067220687866211,-1.4603997468948364
0,-4.048112869262695,-0.009661367229743903,-9.449878692626953,-1.4390825033187866
0,-3.287702798843384,-0.007628080739775832,-7.8445916175842285,-1.4254992008209229
1,-3.2264065742492676,-0.006301575340330601,-7.866684913635254,-1.1260042190551758
1,-3.857203245162964,-0.008189391178689944,-9.27003002166748,-1.7648894786834717
1,-3.795285701751709,-0.008250621090764585,-8.471244812011719,-1.2439515590667725
1,-3.962402820587158,-0.008430644299121614,-9.159598350524902,-1.5216820240020752
0,-3.2391197681427,-0.007480646115803003,-7.79219388961792,-1.2247226238250732
0,-3.2863545417785645,-0.0063936858789466235,-7.8217058181762695,-1.382159948348999
0,-3.1084671020507812,-0.007401112147739955,-7.6747636795043945,-1.2706401348114014
1,-3.253063440322876,-0.007245130156621105,-7.869680881500244,-1.4953020811080933
0,-3.666459083557129,-0.00730370335369946,-8.719758987426758,-1.4807648658752441
1,-3.7154383659362793,-0.00820185069743108,-8.168951988220215,-1.5546568632125854
0,-3.4543216228485107,-0.007525755169604599,-8.435834884643555,-1.5127732753753662
1,-4.11855411529541,-0.008933956866150564,-8.490607261657715,-1.425443410873413
1,-4.122744083404541,-0.009610126068542054,-8.976822853088379,-1.5832847356796265
1,-3.87273907661438,-0.008153134898135536,-9.2149019241333,-1.4554082155227661
0,-3.420792579650879,-0.0075182254497821515,-7.7822160720825195,-1.4447709321975708
0,-3.562284469604492,-0.0081516807084771,-8.183457374572754,-1.2036434412002563
1,-4.383322715759277,-0.01084980870237445,-9.958800315856934,-1.7440838813781738
0,-4.061906337738037,-0.009210671967659949,-9.503328323364258,-1.8618195056915283
1,-3.2212538719177246,-0.006987535513921311,-7.062136650085449,-0.9494255185127258
1,-3.9192581176757812,-0.008410425145226998,-8.394042015075684,-1.5881327390670776
0,-4.260770797729492,-0.01014469237554641,-9.571990966796875,-2.086670160293579
0,-4.003098964691162,-0.009223730333389775,-8.353399276733398,-1.4280325174331665
1,-3.636380434036255,-0.009300205713647711,-8.798368453979492,-1.6012177467346191
0,-2.7574100494384766,-0.007125090567024487,-7.1416707038879395,-1.311471939086914
1,-3.622021198272705,-0.007452718514964414,-7.938352108001709,-1.117598295211792
1,-3.130657196044922,-0.006791013440444516,-7.10540246963501,-1.0492453575134277
1,-3.9818406105041504,-0.007512906812271982,-9.389201164245605,-1.6178134679794312
0,-3.0464117527008057,-0.007522004327656311,-7.7694172859191895,-1.3933582305908203
1,-3.423877239227295,-0.007711435223484898,-7.888412952423096,-1.1054601669311523
1,-2.7980270385742188,-0.006709896974998126,-7.788071155548096,-1.1714987754821777
1,-3.0460124015808105,-0.006578860478576264,-7.661786079406738,-1.190273642539978
0,-3.7021470069885254,-0.00831943147637871,-8.467734336853027,-1.4917659759521484
1,-4.092085838317871,-0.008934685236501903,-9.450098037719727,-1.7583695650100708
0,-2.9065306186676025,-0.006953422532697613,-7.366755962371826,-1.0464991331100464
1,-3.926102638244629,-0.008984216563488853,-8.785717010498047,-1.55912184715271
1,-3.4384357929229736,-0.00779690655991604,-7.5907368659973145,-1.2955145835876465
1,-3.2948687076568604,-0.0075570383203139,-7.989258766174316,-1.7424980401992798
0,-3.4693589210510254,-0.00765862896479255,-8.353046417236328,-1.3904128074645996
1,-2.898387908935547,-0.006246525665809368,-7.593774318695068,-1.311349630355835
0,-3.7954354286193848,-0.007973603841637363,-8.52736759185791,-1.297930121421814
0,-3.7688405513763428,-0.008356630934315617,-8.597551345825195,-1.5346851348876953
0,-4.265793323516846,-0.008942962942383325,-9.516216278076172,-1.7593797445297241
0,-4.00886344909668,-0.009173600570015285,-9.399436950683594,-1.7254806756973267
1,-3.7859790325164795,-0.007556844376280398,-8.496750831604004,-1.5002533197402954
1,-3.830933094024658,-0.006853189792530695,-8.972359657287598,-1.4579459428787231
0,-3.856686592102051,-0.008119340193899054,-9.113898277282715,-1.6890023946762085
1,-2.7565672397613525,-0.0059027135755061085,-7.094017028808594,-1.1681599617004395
1,-3.4964840412139893,-0.008112491974974453,-8.562464714050293,-1.3453648090362549
0,-3.7163047790527344,-0.00945624625713164,-8.438343048095703,-1.2726353406906128
1,-3.582292079925537,-0.007703853935323736,-7.5211663246154785,-1.2985886335372925
1,-4.009214878082275,-0.008300651921495395,-8.783122062683105,-1.271150827407837
0,-4.708493232727051,-0.009589599251989921,-10.57848072052002,-2.8975884914398193
1,-4.260664463043213,-0.008876384298006693,-9.35636043548584,-2.0639288425445557
0,-3.2744967937469482,-0.007986577545724264,-8.042478561401367,-1.3132497072219849
1,-3.9130752086639404,-0.008433351742810217,-8.430784225463867,-1.3504427671432495
0,-3.7123677730560303,-0.008000792614344892,-8.777950286865234,-1.5693349838256836
1,-3.233901023864746,-0.0065729695607007034,-7.852564334869385,-1.538053035736084
1,-3.519066095352173,-0.008625161998412189,-8.495442390441895,-1.5423882007598877
0,-3.927205801010132,-0.008825181575303667,-8.836408615112305,-1.4992059469223022
1,-4.055469989776611,-0.009431325557620026,-9.36319637298584,-2.176215648651123
1,-3.2975287437438965,-0.0073605552315711975,-8.29045295715332,-1.6080827713012695
0,-3.791027545928955,-0.009846824794620663,-8.319225311279297,-1.5168063640594482
1,-3.5368337631225586,-0.00864751531325809,-7.802737236022949,-1.571302890777588
1,-3.7578125,-0.009054969879518072,-9.13200855255127,-1.6705032587051392
1,-3.748506784439087,-0.008202421847787937,-8.55523681640625,-1.3781458139419556
1,-3.701437473297119,-0.007942998869736307,-8.663818359375,-1.3233716487884521
1,-3.4259204864501953,-0.006935061713461934,-7.8363037109375,-1.440192461013794
0,-4.044455051422119,-0.008947909405801148,-9.025715827941895,-1.657208800315857
0,-3.745938539505005,-0.008073143404105613,-8.975887298583984,-1.4105490446090698
1,-3.6234824657440186,-0.008088130503892899,-8.841048240661621,-1.4566154479980469
0,-4.001325607299805,-0.008353498136325271,-8.993501663208008,-1.7061738967895508
1,-3.623375415802002,-0.007775483724897,-8.39650821685791,-1.6381474733352661
1,-3.8991355895996094,-0.008072744491924657,-8.774972915649414,-1.5331995487213135
0,-3.728778123855591,-0.00828617360856798,-8.273931503295898,-1.2757214307785034
0,-4.085920333862305,-0.009019691686230253,-9.533149719238281,-2.885939359664917
0,-3.9739391803741455,-0.008890244251396298,-8.234577178955078,-1.3851571083068848
1,-3.5930912494659424,-0.008514434240440622,-8.172039031982422,-1.3625510931015015
1,-3.8495044708251953,-0.007346382577910678,-8.581073760986328,-1.447650671005249
1,-3.121849298477173,-0.006891499555137247,-7.1672797203063965,-1.2013384103775024
0,-3.6367931365966797,-0.00737686234603789,-8.747820854187012,-1.787284016609192
1,-4.123913764953613,-0.00831434226805164,-8.972173690795898,-1.6827558279037476
0,-4.197807312011719,-0.009540471163662996,-9.53603458404541,-1.9241236448287964
0,-3.42608642578125,-0.007822115127354453,-8.016378402709961,-1.168981909751892
0,-3.915987014770508,-0.008074200030454655,-9.04529857635498,-1.6114307641983032
1,-3.837481737136841,-0.00866248699127955,-8.413769721984863,-1.4778743982315063
1,-4.585447311401367,-0.009990081288456137,-10.055322647094727,-1.8293144702911377
1,-3.3569960594177246,-0.007510058298473657,-7.755711078643799,-1.206600308418274
0,-3.80273699760437,-0.008662271065158019,-8.627447128295898,-1.417179822921753
1,-3.064121961593628,-0.00764120189923598,-7.758068561553955,-1.1903762817382812
1,-3.218496322631836,-0.007986343232337063,-7.615803241729736,-0.9800708293914795
1,-3.488626480102539,-0.006963326307589899,-7.791576862335205,-1.0895010232925415
0,-3.535358190536499,-0.008397525393198334,-8.96490478515625,-1.9368982315063477
0,-3.802511215209961,-0.008357167505955958,-8.535418510437012,-1.361585259437561
1,-3.0808773040771484,-0.007082476561096893,-7.944217681884766,-1.2528817653656006
0,-3.1298959255218506,-0.007671313542945713,-7.71223258972168,-1.140204668045044
1,-4.242889881134033,-0.008588845913226787,-9.678054809570312,-1.9176820516586304
0,-3.725085973739624,-0.0071636268725762,-8.588119506835938,-1.8603919744491577
1,-2.9449307918548584,-0.006723586282773649,-7.618486404418945,-1.2915815114974976
0,-4.165653705596924,-0.008571303920981325,-8.816803932189941,-1.341300129890442
0,-3.504897117614746,-0.007858513716624991,-7.81430721282959,-0.9466248750686646
1,-3.8375163078308105,-0.00876145275760459,-8.623635292053223,-1.3093669414520264
1,-3.1697189807891846,-0.0064164351837837745,-8.024843215942383,-1.260241985321045
1,-3.570754051208496,-0.007935009002685546,-8.408863067626953,-1.5209887027740479
1,-3.842972993850708,-0.00861653137634688,-8.381407737731934,-1.3611457347869873
1,-4.138864994049072,-0.009363947950337268,-9.204704284667969,-1.7330496311187744
1,-3.7451560497283936,-0.008729967481884367,-8.975249290466309,-1.6411702632904053
1,-3.337073564529419,-0.007040239587614808,-7.9107184410095215,-1.2302402257919312
1,-3.6245522499084473,-0.007614605567034553,-8.644481658935547,-1.3781400918960571
1,-3.1787023544311523,-0.006955585020637095,-7.545650005340576,-1.1925896406173706
1,-4.162671089172363,-0.008837942864484848,-9.269969940185547,-1.5738295316696167
0,-3.716017007827759,-0.007957209866868863,-8.078445434570312,-1.2191680669784546
0,-2.754697561264038,-0.0066538588436329425,-6.892577648162842,-1.1014214754104614
0,-3.565110206604004,-0.007537230880769564,-8.649308204650879,-1.470866084098816
1,-3.6802361011505127,-0.007480154677135188,-8.474125862121582,-1.4212652444839478
0,-4.0847039222717285,-0.008251927115700462,-8.611141204833984,-1.8834710121154785
1,-4.073208332061768,-0.00826208586625105,-9.386943817138672,-1.600374460220337
0,-3.7609646320343018,-0.008088095982869466,-9.280359268188477,-1.5660037994384766
1,-3.2589988708496094,-0.0070847801540208895,-8.019706726074219,-1.5166858434677124
1,-3.1196999549865723,-0.0064456610640218435,-7.680810451507568,-1.0087931156158447
1,-3.6062400341033936,-0.007608101337770873,-8.644759178161621,-1.5728726387023926
0,-3.8175830841064453,-0.008105271940778015,-8.693314552307129,-1.8239589929580688
0,-4.342409133911133,-0.009318474536289985,-9.656366348266602,-1.7569109201431274
0,-3.3236913681030273,-0.006783043608373525,-8.047211647033691,-1.2980772256851196
1,-3.8629469871520996,-0.008799423660938723,-8.838897705078125,-1.3328889608383179
0,-3.784266233444214,-0.008244588743887176,-8.925105094909668,-2.2214558124542236
1,-3.2054994106292725,-0.0073689641623661435,-7.72036600112915,-1.5853056907653809
1,-3.1616573333740234,-0.007318651234662092,-7.770852088928223,-1.2375314235687256
1,-4.47700309753418,-0.008847832208565573,-10.044052124023438,-1.9565403461456299
1,-3.865729570388794,-0.008172789789405483,-8.317242622375488,-1.4771392345428467
1,-3.4564037322998047,-0.007563246678993008,-7.603825569152832,-1.4701663255691528
0,-3.972698211669922,-0.009008385967505491,-8.948664665222168,-1.711037039756775
1,-3.5031542778015137,-0.008090425583837215,-8.096515655517578,-1.5688140392303467
1,-3.7949090003967285,-0.008377282561582182,-8.822769165039062,-1.345333218574524
0,-4.245719909667969,-0.010355414413824314,-9.02026653289795,-1.7299906015396118
1,-3.6095094680786133,-0.007779115232928046,-8.282415390014648,-1.2204843759536743
0,-3.137204885482788,-0.00784301221370697,-7.055301666259766,-1.201502799987793
0,-3.6629652976989746,-0.008212926676455101,-8.546796798706055,-1.5875775814056396
0,-3.4799890518188477,-0.008018407953499649,-8.299105644226074,-1.406298041343689
1,-3.26965594291687,-0.007822143404107345,-8.233010292053223,-1.537514328956604
1,-3.7270729541778564,-0.007424448115892144,-8.343886375427246,-1.169070839881897
0,-4.278021812438965,-0.009279873779694067,-9.732452392578125,-1.8470890522003174
1,-3.1287782192230225,-0.007802439449433971,-7.711658477783203,-1.5263105630874634
0,-3.2267885208129883,-0.0076828298114594955,-7.805605411529541,-1.4824641942977905
0,-3.391083002090454,-0.0075525233899564675,-8.166768074035645,-1.8347431421279907
0,-3.3685827255249023,-0.0077261071686350975,-8.612692832946777,-1.6251330375671387
1,-2.869309425354004,-0.0065509347610822,-7.366315841674805,-0.9583054780960083
1,-3.5785372257232666,-0.007830497211648286,-8.225854873657227,-1.7059760093688965
0,-3.8735203742980957,-0.009222667557852608,-8.61319637298584,-1.4969425201416016
0,-3.507383108139038,-0.008081527898937875,-7.807624340057373,-1.6088690757751465
1,-2.898837089538574,-0.006853042764866606,-6.8953070640563965,-1.0256680250167847
0,-3.628671884536743,-0.008578420530819723,-7.907362461090088,-1.3206932544708252
0,-4.0203633308410645,-0.009371476295666818,-9.476893424987793,-1.6363569498062134
0,-3.947636604309082,-0.00843512094937838,-8.174688339233398,-1.5492289066314697
0,-3.3055598735809326,-0.007889164376088144,-7.654879570007324,-1.3243377208709717
0,-4.147551536560059,-0.011179384195579673,-9.469452857971191,-1.5555554628372192
0,-4.141175746917725,-0.008151920761649065,-8.877093315124512,-1.3589204549789429
1,-4.163747310638428,-0.008877926035476392,-9.47274398803711,-1.7419066429138184
1,-3.636434316635132,-0.008596771434125607,-8.41755199432373,-1.2488484382629395
0,-3.214139223098755,-0.00787779221347734,-8.274450302124023,-1.4545555114746094
1,-3.7921667098999023,-0.007851276832090895,-8.868717193603516,-1.7066845893859863
0,-4.002763271331787,-0.008720617148870995,-9.20480728149414,-1.832658052444458
1,-3.2035152912139893,-0.00687449633307723,-8.271295547485352,-2.0555989742279053
0,-3.489565849304199,-0.00878983841134559,-8.295239448547363,-1.414105772972107
1,-3.689039945602417,-0.008037124064493284,-8.700023651123047,-1.7294906377792358
1,-3.344167470932007,-0.007269929284634797,-7.72754430770874,-1.0589655637741089
0,-3.1471524238586426,-0.006739084419397521,-7.8778462409973145,-1.3630225658416748
0,-3.3305678367614746,-0.008183213358136302,-7.591960906982422,-1.3207712173461914
1,-3.5368762016296387,-0.0076390414722022435,-8.089995384216309,-1.339223861694336
1,-3.5842740535736084,-0.008036488909357866,-8.344391822814941,-1.2699168920516968
0,-3.6196744441986084,-0.007990451311696707,-8.45920467376709,-1.5364906787872314
1,-3.7814130783081055,-0.007502803726801796,-8.739253044128418,-1.7052388191223145
0,-3.5778729915618896,-0.008379093657053605,-8.579465866088867,-1.486831545829773
1,-3.5158863067626953,-0.0074647267659505205,-8.167861938476562,-1.2547115087509155
0,-3.3694605827331543,-0.0073729990869434445,-7.857829570770264,-1.5505897998809814
1,-3.5183892250061035,-0.008377117202395484,-8.228578567504883,-1.3615827560424805
0,-3.5171165466308594,-0.007815814548068576,-7.7418904304504395,-1.342895269393921
0,-3.712372303009033,-0.008755595054266587,-9.121016502380371,-1.6289331912994385
1,-3.9932682514190674,-0.00853262446884416,-8.843119621276855,-2.1013834476470947
0,-3.8856773376464844,-0.008285026306282483,-9.084311485290527,-1.5325684547424316
0,-4.4770708084106445,-0.009174325427070994,-9.727004051208496,-1.8376927375793457
0,-3.3005661964416504,-0.007766038109274472,-8.321330070495605,-1.6437486410140991
0,-3.9539523124694824,-0.008539853806629551,-9.518633842468262,-1.9736709594726562
0,-3.6624844074249268,-0.008637934923171997,-8.665668487548828,-1.592077374458313
1,-4.326691150665283,-0.00874079020336421,-8.896690368652344,-1.4985967874526978
0,-3.520184278488159,-0.00691588266893548,-8.153219223022461,-1.378354549407959
0,-3.9537689685821533,-0.008448224291842207,-8.21069622039795,-1.4806721210479736
0,-3.4554824829101562,-0.008073557203061113,-8.494122505187988,-1.7182351350784302
0,-3.9813404083251953,-0.008926772215975775,-8.679064750671387,-1.4581111669540405
0,-3.8430678844451904,-0.008734245191920887,-8.884647369384766,-1.788429856300354
1,-3.4167890548706055,-0.007059481518327697,-8.356351852416992,-1.4068673849105835
1,-4.105055332183838,-0.008697151127508131,-9.106599807739258,-1.765211582183838
1,-3.304792881011963,-0.007849864325444092,-8.162824630737305,-1.3770074844360352
0,-3.787735939025879,-0.008398527580988645,-8.117587089538574,-1.3973376750946045
1,-3.1161444187164307,-0.005935513178507487,-7.548888206481934,-1.584099531173706
1,-3.434126138687134,-0.007648387836719674,-7.996097087860107,-1.387742042541504
1,-3.8657681941986084,-0.008706685122068937,-8.699506759643555,-1.5075775384902954
0,-3.6294379234313965,-0.008065417607625325,-8.473204612731934,-1.406890630722046
1,-4.160205364227295,-0.009286172688007355,-8.733936309814453,-1.5098357200622559
1,-3.731644630432129,-0.007448392475912433,-8.389766693115234,-1.6142942905426025
1,-4.044677734375,-0.007808258174469112,-9.017313957214355,-1.8365473747253418
1,-3.6352481842041016,-0.008150780682071977,-8.297321319580078,-1.464171051979065
1,-3.907538890838623,-0.008439608835504585,-8.735926628112793,-1.6133882999420166
0,-3.9636857509613037,-0.008987949548665088,-8.251404762268066,-1.303419589996338
0,-3.555239200592041,-0.007516361946283385,-8.791213035583496,-1.7876654863357544
1,-3.968691110610962,-0.008999299570546399,-8.80583667755127,-1.5481079816818237
0,-4.13064432144165,-0.009366540411432313,-9.49061393737793,-1.602611780166626
0,-3.9207565784454346,-0.01000193004705468,-9.238899230957031,-1.6677011251449585
0,-2.7773609161376953,-0.006341006657848619,-7.034877777099609,-0.8956887722015381
1,-3.7800815105438232,-0.00750016172726949,-8.50319766998291,-1.5295829772949219
0,-3.121699571609497,-0.006937110159132216,-7.464620113372803,-1.2930362224578857
1,-3.944467782974243,-0.00865014864687334,-9.07569408416748,-1.5440562963485718
0,-4.194955825805664,-0.0087394913037618,-9.101364135742188,-1.4725137948989868
1,-3.7143449783325195,-0.008950228863451854,-8.081384658813477,-1.3544235229492188
1,-3.760637044906616,-0.008625314323180313,-8.578561782836914,-1.6576552391052246
1,-3.44830584526062,-0.008056789358085561,-8.292909622192383,-1.3181532621383667
0,-3.4107298851013184,-0.0072878843698746115,-8.072482109069824,-1.3846060037612915
1,-3.3762030601501465,-0.007725865126201708,-8.129743576049805,-1.3275518417358398
0,-3.9073712825775146,-0.008023349656216662,-8.272151947021484,-1.31368887424469
1,-3.4173126220703125,-0.007802083612032677,-7.655473709106445,-1.229824185371399
1,-3.4779393672943115,-0.007660659399326677,-8.341835975646973,-1.4657437801361084
1,-2.912463426589966,-0.006741813487476773,-7.323014736175537,-1.884374737739563
0,-4.051371097564697,-0.00840533422731265,-9.275815963745117,-1.6370394229888916
0,-3.8005754947662354,-0.0078524287081947,-8.91148567199707,-1.6536692380905151
0,-3.7308850288391113,-0.008636307937127573,-8.310627937316895,-1.3955978155136108
1,-3.554067373275757,-0.008114309071405838,-8.536598205566406,-1.534820795059204
1,-3.6536383628845215,-0.008210423287380947,-8.58089828491211,-1.1366981267929077
1,-3.6329097747802734,-0.008037411006151048,-8.540824890136719,-1.5534288883209229
1,-3.734107494354248,-0.007928041389287151,-8.327404022216797,-1.5582802295684814
1,-3.7791714668273926,-0.009331287572413315,-8.713415145874023,-1.4246810674667358
1,-4.029400825500488,-0.008206518992872685,-8.861184120178223,-1.4794925451278687
1,-3.961329936981201,-0.009148567983790303,-8.869925498962402,-1.357006549835205
0,-2.946329355239868,-0.006242223210253958,-6.801665306091309,-1.0446463823318481
1,-3.2362518310546875,-0.007723751386765364,-7.916825771331787,-1.2073328495025635
1,-4.494023323059082,-0.009209064186596479,-9.761462211608887,-2.056497573852539
