original_text,paraphrased_text,orig_char_len,para_char_len,orig_compressed_len,para_compressed_len,orig_compression_ratio,para_compression_ratio,fell_back_to_original,para_much_shorter,para_much_longer
"Hurricane Ana was the second tropical cyclone in 2014 to threaten the U.S. state of Hawaii with a direct hit, after Iselle in August. The twenty-first named storm and fifteenth hurricane of the 2014 Pacific hurricane season, Ana formed from a disturbance that formed in the Central Pacific in mid-October. It rapidly consolidated, and a tropical depression developed by October 13. Aided by favorable conditions, Ana gradually strengthened while moving westward, threatening to pass over the island chain of Hawaii once or several times as indicated by early forecasts. By October 17, it had strengthened to a hurricane south of Hawaii and reached its peak intensity shortly afterwards while also making its closest approach. Afterwards, Ana weakened and began to fluctuate in intensity as it turned to the","In 2014, Hurricane Ana was the second tropical cyclone to pose a danger to Hawaii, following Iselle in August. It was the twenty-first named storm and fifteenth hurricane of the Pacific hurricane season. It originated from a disturbance in the Central Pacific that formed in mid-October and gradually strengthened while moving westward, threatening to pass over the island chain of Hawaii once or several times. By October 17, it strengthened to a hurricane south of Hawaii and reached its peak intensity soon after, while also making its closest approach.",806,556,447,326,0.555,0.586,False,False,False
"The 2013–2016 epidemic of Ebola virus disease, centered in Western Africa, was the most widespread outbreak of the disease in history. It caused major loss of life and socioeconomic disruption in the region, mainly in Guinea, Liberia and Sierra Leone. The first cases were recorded in Guinea in December 2013; later, the disease spread to neighbouring Liberia and Sierra Leone, with minor outbreaks occurring in Nigeria and Mali. Secondary infections of medical workers occurred in the United States and Spain. In addition, isolated cases were recorded in Senegal, the United Kingdom and Italy. The number of cases peaked in October 2014 and then began to decline gradually, following the commitment of substantial international resources. It caused significant mortality, with a considerable case fatality rate. By the end of","The 2013-2016 Ebola virus epidemic, which was centered in Western Africa, was the most widespread outbreak in history. It caused significant loss of life and socioeconomic disruption in the region, mainly in Guinea, Liberia, and Sierra Leone. The first cases were recorded in Guinea in December 2013, followed by minor outbreaks in Nigeria and Mali. Secondary infections of medical workers also occurred in the United States and Spain. In addition, isolated cases were reported in Senegal, the United Kingdom, and Italy. The number of cases gradually",826,550,461,338,0.558,0.615,False,False,False
"The case of Ashya King concerns a boy named Ashya King, who had a brain tumour. His parents, Brett and Naghemeh King, took their son out of Southampton General Hospital (England) in August 2014 over a disagreement with doctors regarding his treatment.Ashya had a medulloblastoma, which was successfully removed through surgery on 24 July 2014. He received further neurosurgery on 22 August.His parents desired their son be treated with proton therapy, which they felt was less harmful than conventional radiotherapy. At that time, the National Health Service (NHS) did not provide proton therapy in the United Kingdom. However, it has funded treatment abroad since April 2008 where evidence has shown there to be benefit. In this case, the doctors did not support moving the boy so that he","Ashya King, a boy with a brain tumour, was discharged from Southampton General Hospital in August 2014 due to a dispute with doctors over treatment. He underwent a medulloblastlastoma surgery and underwent neurosurgery. His parents wanted proton therapy instead of conventional radiotherapy. However, the NHS did not provide funding for treatment abroad until after April 2008.",789,377,453,249,0.574,0.66,False,True,False
"The 67th British Academy Film Awards, more commonly known as the BAFTAs, were held on 16 February 2014 at the Royal Opera House in London, honouring the best national and foreign films of 2013. The nominations were announced on 8 January 2014 by actor Luke Evans and actress Helen McCrory. Presented by the British Academy of Film and Television Arts, accolades were handed out for the best feature-length film and documentaries of any nationality that were screened at British cinemas in 2013.Gravity won six of its eleven nominations, including Best Director for Alfonso Cuarón, Outstanding British Film, Best Cinematography, Best Original Music, Best Sound, and Best Special Visual Effects. 12 Years a Slave won Best Film and Best Actor in a Leading Role for Chiwetel Ejiofor. Cate Blanchett","At the Royal Opera House in London on 16 February 2014, the 67th British Academy Film Awards, or BAFTAs, were held to celebrate the best national and foreign films of 2013. The announcement was made on 8 January 2014 by Luke Evans and Helen McCrory, and awards were presented for the best feature-length film and documentaries of any nationality that were screened at British cinemas in 2013. Gravity won six of its eleven nominations, including Best Director for Alfonso Cuarón, Outstanding British Film, Best Sound, Best Best Best",794,532,469,333,0.591,0.626,False,False,False
"The Cuban thaw (Spanish: Deshielo cubano) was the normalization of Cuba–United States relations that began in December 2014 ending a 54-year stretch of hostility between the nations. In March 2016, Barack Obama became the first U.S. president to visit Cuba since Calvin Coolidge, in 1928.On December 17, 2014, U.S. President Barack Obama and Cuban leader Raúl Castro announced the beginning of the process of normalizing relations between Cuba and the United States. The normalization agreement was secretly negotiated in preceding months, facilitated by Pope Francis and largely hosted by the Government of Canada. Meetings were held in both Canada and Vatican City. The agreement would see the lifting of some U.S. travel restrictions, fewer restrictions on remittances, U.S. banks' access to the Cuban financial system, and the reopening","After a 54-year period of hostility, the normalization of relations between Cuba and the United States began with the onset of the Cuban thaw in December 2014. In March 2016, Barack Obama made history by visiting Cuba for the first time since Calvin Coolidge in 1928. On December 17, 2014, U.S. President Barack Obama and Cuban leader Ral Castro secretly negotiated an agreement to normalize relations with Cuba, which resulted in the lifting of some travel restrictions, reducing restrictions on remittances, and the resum",840,523,480,313,0.571,0.598,False,False,False
"The 2014 Berlin Marathon was the 41st edition of the Berlin Marathon. The marathon took place in Berlin, Germany, on 28 September 2014 and was the fourth World Marathon Majors race of the year. The men's race was won by Kenyan athlete Dennis Kimetto in a world record time of 2:02:57, breaking the previous record of Wilson Kipsang by 26 seconds. Kimetto's performance means that the last six men's world records at the distance have all been set at the Berlin Marathon. Runner-up Emmanuel Mutai also surpassed Kipsang's old mark, finishing in 2:03:13. En route to his second-place finish, Mutai set a world record at the 30K distance (1:27:37).The women's race was won by Tirfi Tsegaye of Ethiopia in a time of 2:20:18 hours. Finishing third in a","In 2014, the Berlin Marathon was held, marking the 41st edition of the event. The marathon was held in Berlin, Germany, on 28 September, and was the fourth World Marathon Majors race of the year. Dennis Kimetto, a Kenyan athlete, won the men's race with a world record time of 2:02:57, breaking Wilson Kipsang's previous record by 26 seconds. Emmanuel Mutai also set a new world record at the 30K distance (1:27:37). Tirfi Tsegaye, runner-",747,439,405,284,0.542,0.647,False,False,False
"Operation Full Disclosure (Hebrew: מבצע חשיפה מלאה) was a military operation carried out by the Israel Defense Forces on March 5, 2014, in the Red Sea. After days of surveillance far out to sea, Israeli Navy Shayetet 13 commandos seized the Iranian-owned and Panamanian-registered merchant vessel Klos C that had set sail from Iran, heading for Port Sudan via Iraq. On board, the commandos found long-range missiles suspected to be destined for the Gaza Strip concealed in containers full of Iranian bags marked as Portland cement. An unnamed senior Egyptian security official reportedly confirmed that the arms shipment was headed for militants in either Gaza or Sinai. A UN panel of experts concluded that the weapons came from Iran and were being sent to Sudan, accusing Iran of","On March 5, 2014, the Israel Defense Forces launched Operation Full Disclosure in the Red Sea, where they captured the Iranian-owned and Panamanian-registered merchant vessel Klos C, which had sailed from Iran and was headed for Port Sudan via Iraq. The 13 commandos found long-range missiles concealed in containers marked as Portland cement, believed to be destined for militants in either Gaza or Sinai. A UN panel of experts alleged that the weapons were being sent by Iran to Sudan, accusing Iran of unlawfully transported them.",781,533,500,341,0.64,0.64,False,False,False
"The 13N was a Cacerolazo against President Cristina Fernández de Kirchner that took place in Argentina on November 13, 2014. It was organized by social networks. The people in the demonstration protested against the high crime rate, the high inflation and the corruption scandals. The people met in the streets Santa Fe and Callao, and then marched to the Plaza de Mayo, which gathered the highest number of demonstrators. There was a strong security network at the Plaza de Mayo and the Congressional Plaza. The demonstration a lower number of demonstrators than previous ones such as the 8N and the 18A.Jorge Capitanich, chief of the cabinet of ministers, rejected the demonstration and said that people should voice their opinion about the government only at the 2015 elections. ==","On November 13, 2014, the 13N movement in Argentina was organized by social networks to protest against the government's high crime rate, inflation, and corruption scandals. The people met in the streets of Santa Fe and Callao, and then marched to the Plaza de Mayo, where a strong security network was present. The demonstration was smaller than previous ones, and it was suggested that people should only express their views about the government during the 2015 elections.",784,474,432,297,0.551,0.627,False,False,False
"The 2014 Paris Municipal elections took place on 23 and 30 March 2014, at the same time as other French municipal elections. Anne Hidalgo of the Socialist Party was elected mayor of Paris, becoming the first woman to hold that position. She had been the city's deputy mayor. Hidalgo won with around 55% of the vote in the second round. Her principal opponent was Nathalie Kosciusko-Morizet of the UMP who had finished ahead of Hidalgo in first round of voting on 23 March. Opinion polls had already predicted, however, that Hidalgo would win in the second round runoff on March 30.The outgoing mayor was the Socialists' Bertrand Delanoë, who did not run for a third term. Control of Paris' twenty arrondissements was also decided in the elections. Ten","The Paris Municipal elections of 2014 were held on 23 and 30 March 2014, coinciding with other municipal elections in France. Anne Hidalgo, a member of the Socialist Party, was elected as the first woman to hold the position of mayor of Paris. She won with approximately 55% of the vote in the second round. Her principal opponent was Nathalie Kosciusko-Morizet of the UMP, who had finished ahead of her in the first round of voting on 23 March. Opinion polls had already predicted",751,481,431,299,0.574,0.622,False,False,False
"The 2014 Gaza War, also known as Operation Protective Edge (Hebrew: מִבְצָע צוּק אֵיתָן, romanized: Miv'tza Tzuk Eitan, lit. 'Operation Strong Cliff'), was a military operation launched by Israel on 8 July 2014 in the Gaza Strip, a Palestinian territory that has been governed by Hamas since 2007. Following the kidnapping and murder of three Israeli teenagers in the West Bank by Hamas-affiliated Palestinian militants, the Israel Defense Forces (IDF) initiated Operation Brother's Keeper, in which some 350 Palestinians, including nearly all of the active Hamas militants in the West Bank, were arrested. Hamas subsequently fired a greater number of rockets into Israel from the Gaza Strip, triggering a seven-week-long conflict between the two sides. It was one of the deadliest outbreaks of open conflict between Israel and","The Israel Defense Forces (IDF) initiated Operation Brother's Keeper on 8 July 2014, also known as Operation Protective Edge or Operation Strong Cliff, in the Gaza Strip. This was followed by the arrest of approximately 350 Palestinians, including all active Hamas militants, and a week-long conflict between Israel and Palestinian militants.",827,342,512,233,0.619,0.681,False,True,False
"On the morning of 18 November 2014, two Palestinian men from Jerusalem entered Kehilat Bnei Torah synagogue, in the Har Nof neighborhood of Jerusalem, and attacked the praying congregants with axes, knives, and a gun. They killed four dual-nationality worshippers, and critically wounded a responding Druze Israeli police officer, who later died of his wounds. They also injured seven male worshippers, one of whom never woke up from a coma and died 11 months later. The two attackers were then shot dead by the police. Several initial reports claimed that the Popular Front for the Liberation of Palestine (PFLP) had declared responsibility for the attack; Other sources say declarations by PFLP militants were either confused or that the group itself disclaimed responsibility. Israeli authorities stated that 'it seemed","On November 18, 2014, two Palestinian men from Jerusalem entered Kehilat Bnei Torah synagogue in the Har Nof neighborhood of Jerusalem and attacked praying congregants with axes, knives, and a gun. The killings resulted in the death of four dual-nationality worshippers and critically injured a responding Druze Israeli police officer. The police also shot the two attackers, and one of the male worshippers did not wake from a coma and died 11 months later. According to some sources, the PF",822,492,471,313,0.573,0.636,False,False,False
"Marius (6 February 2012 – 9 February 2014) was a male giraffe living at Copenhagen Zoo. Though healthy, he was genetically unsuitable for future captive breeding, as his genes were over-represented in the captive population, so the zoo authorities decided to euthanize him. Despite several offers to adopt Marius and an online petition to save him, he was killed on 9 February 2014. His body was then dissected and necropsied in a public educational class and then fed to the zoo's lions. The event received worldwide media coverage and generated responses from several organisations and individuals, including death threats to staff at the zoo.Between when records began in the early 1900s and when the animal was killed in February 2014, five giraffes had been killed for similar ""conservation","Despite being in good health, Marius, a male giraffe at Copenhagen Zoo, was not suitable for future captive breeding as his genes were over-represented in the captive population. As a result, the zoo officials decided to euthanize him, despite several offers to adopt him and an online petition to save him, only to have his body disseminated and digitized before being killed on February 9, 2014, generating international media attention and death threats among various organizations and individuals, including death threats to staff at the zar",795,545,460,328,0.579,0.602,False,False,False
"A photograph of then-Labour Party leader Ed Miliband eating a bacon sandwich became a source of sustained commentary and the subject of an internet meme in 2014 and 2015. Taken for the London Evening Standard newspaper while Miliband was campaigning for local elections in May 2014, the image became well known following the popular perception of it as making Miliband appear awkward, error-prone and incapable of performing simple tasks. The image sparked several internet memes, both supportive and mocking, and fuelled a debate about the lengths to which politicians attempt to control their public image, as well as drawing criticism that the focus placed on the image and its resulting memes was motivated by antisemitism. Miliband dismissed the debate as unimportant. Others, including opponents, described the media focus","Ed Miliband, the leader of the Labour Party, was photographed eating a bacon sandwich for the London Evening Standard in May 2014. The image gained widespread attention and was used as a source of commentary and an internet meme in 2014 and 2015. It sparked a debate on how politicians should control their public image, with some suggesting that the image was motivated by anti-Semitic bias, while others criticized the focus on the image and the media focus on it.",828,466,470,291,0.568,0.624,False,False,False
"The FATCA agreement is an international agreement signed between Canada and the United States that allows the implementation of the Foreign Account Tax Compliance Act (an Act of the U.S. Congress) in Canada. It is one of 30 intergovernmental agreements the US has concluded with other countries to implement the FATCA.FATCA requires United States persons, including individuals who live outside the United States, and financial institutions outside the United States, to report the principal amount held in their financial accounts outside of the United States to the Internal Revenue Service (IRS). According to the Canadian Broadcasting Corporation (CBC) there are about one million American citizens living in Canada. This treaty also affects their spouses, children, or anyone with whom they own property, share a business connection, or hold","The FATCA agreement, which is an international agreement between Canada and the United States, allows for the implementation of the Foreign Account Tax Compliance Act in Canada. It is one of 30 intergovernmental agreements signed by the US with other countries to enforce the law. This agreement requires American citizens, including those living outside the US, such as banks and banks, to disclose the principal amount held in their financial accounts outside of the US to the Internal Revenue Service. The CBC reports that approximately one million American citizens reside in Canada and this treaty also applies to their own.",846,629,449,354,0.531,0.563,False,False,False
"March in March refers to a series of marches which were held around Australia on 15–16 March 2014, and in Canberra, the national capital, on 17 March 2014, a parliamentary sitting day. The marches were attended by at least eighty thousand people across Australia and were peaceful (The Sydney Morning Herald reported 112,000). Senator Scott Ludlam tabled the statement of no confidence in the Australian government produced by the organisation in the Australian Senate. Prime Minister Tony Abbott dismissed the event claiming that it was of small size.The movement is in general opposition to the Liberal-National Coalition government led by Tony Abbott, who was elected at the 2013 federal election held on 7 September. It has mostly been organised on social media. The March in March movement has","A series of peaceful marches took place across Australia on March 16, 2014, with at least 8 thousand people attending. The event was organized by the Australian Senate, with Senator Scott Ludlam tabled a statement of no confidence in the government. Tony Abbott dismissed the event, stating that it was of minor significance, and it is in direct opposition to the Liberal-National Coalition government led by Tony Abbott, who was elected at the 2013 federal election. The March in March movement has been largely dispersed on social media.",798,539,453,319,0.568,0.592,False,False,False
"2013–2014 Atlantic winter storms in Europe were a series of winter storms affecting areas of Atlantic Europe and beyond. The French Atlantic coastal regions (chiefly Brittany), South West and Southern England, West Wales, Ireland, Spanish Atlantic coastal regions (particularly Galicia) were especially affected by a ""conveyor belt"" series of high-precipitation storms (mostly not exceptional for their winds) and by high tides. Many storms were explosively deepened by a strong jet stream, many deepening below 950 hPa. The repeated formation of large deep lows over the Atlantic brought storm surges and large waves which coincided with some of the highest astronomical tides of the year and caused coastal damage. The low pressure areas brought heavy rainfalls which led to flooding, which became most severe over parts of England such","The 2013-2014 Atlantic winter storms were a series of high-altitude storms that affected different regions of Atlantic Europe and beyond. The French Atlantic coastal regions, South West and Southern England, West Wales, Ireland, and Spanish Atlantic coastal areas were particularly affected by high tides and a strong jet stream that deepened many storms. The repeated formation of large deep lows over the Atlantic caused storm surges and large waves, which coincided with some of the highest astronomical tides of the year and resulted in coastal damage.",838,556,461,308,0.55,0.554,False,False,False
Conference of Western Balkan States was a 28 August 2014 conference of heads of states and governments of Western Balkans region initiated by German chancellor Angela Merkel. An idea for organization of conference came in light of the celebration of the 100th anniversary of the beginning of World War I. It is the first conference in this framework and organizers expressed their desire to continue it in future with Vienna and Paris mentioned as a potential next hosts after Berlin (so called Berlin Process). Günther Oettinger confirmed at conference that event will be organised annually with Vienna as a host city in 2015 and Paris in 2016.The German chancellor announced intention to organize a conference on 7 June 2014. Invitation for participation was sent to all the countries,"The Conference of Western Balkan States was organized by Angela Merkel, a German chancellor, on 28 August 2014. The conference was initiated to commemorate the 100th anniversary of the start of World War I. It was the first conference to be held in this context, and organizers expressed their intention to continue it in the future, with Vienna and Paris being suggested as potential hosts. Günther Oettinger confirmed that the event would be held annually, in 2015 and 2016, with Paris. On June 7, 2014, all countries were invited to participate in the conference.",786,566,429,352,0.546,0.622,False,False,False
"2014 Kalbajar incident refers to the crossing of a small group of Azerbaijanis into Kalbajar district, their subsequent capture and conviction for murder and sabotage by the Republic of Artsakh. In July 2014, three ethnic Azerbaijanis crossed Nagorno-Karabakh Line of Contact in to Kalbajar District, then controlled by breakaway Republic of Artsakh forces. This was followed by disappearance of 17-year-old local Smbat Tsakanyan who was later found dead from gunshot wounds and who was last seen walking with the Azerbaijanis in a video used as evidence in the trial. The Azerbaijanis were detained for ""reconnaissance operations in the area on orders from Azerbaijan’s intelligence service,"" as well as kidnapping and killing of Tsakanyan. One of the Azerbaijanis named Hasanov attacked Major Sargis Abrahamyan and his companion Karine Davtyan","The Kalbajar incident, which occurred in 2014, involved the capture and conviction of three ethnic Azerbaijanis for murder and sabotage by the Republic of Artsakh. The incident occurred in July 2014 when three of them crossed the Nagorno-Karabakh Line of Contact. The disappearance of 17-year-old local Smbat Tsakanyan, who was later found dead from gunshot wounds, was recorded and later used as evidence in the trial.",845,419,475,271,0.562,0.647,False,True,False
"Art Buff is a graffiti artwork by Banksy which was created in Folkestone in 2014, Banksy announcing it as ""part of the Folkestone triennial. Kind of"". The work depicts a woman wearing headphones and staring at a plinth, upon which rests a patch of painted-out graffiti. The name of the piece is a play on words, ""buff"" being a slang term for the painting over of graffiti.Reported on 13 October 2014, Art Buff was vandalized with the spray painting of a penis sitting on top of the plinth.During early November 2014 Robin Barton and Bankrobber London organized the removal of Art Buff from its Folkestone location following requests from the owners of the wall, and announced plans to put it up for sale in aid of a cancer","A piece of graffiti by Banksy, known as Art Buff, was created in Folkestone in 2014, where he announced it was part of the triennial. Kind of. The piece shows a woman wearing headphones and looking at a plinth, with a patch of painted-out graffiti on top. The name of the piece is a play on words, as ""buff"" is slang for a painting over of graffiti. It was later vandalized with the spray painting of a penis on top of the plinth.",722,430,404,260,0.56,0.605,False,False,False
"The war on terror, officially the Global War on Terrorism (GWOT), is a global counterterrorism military campaign initiated by the United States following the September 11 attacks and is also the most recent global conflict spanning multiple wars. The main targets of the campaign were militant Islamist and Salafi jihadist armed organisations such as Al-Qaeda, the Islamic State, and their international affiliates, which were waging military insurgencies to overthrow governments of various Muslim-majority countries. Other major targets included the Ba'athist regime in Iraq, which was toppled during an invasion in 2003, and various militant factions that fought during the ensuing Iraqi insurgency. The ""war on terror"" was officially declared over in May 2010 and again in May 2013. Other American military campaigns during the 2010s have also been","The United States launched the Global War on Terrorism (GWOT) as a global counterterrorism military campaign after the September 11 attacks. It was the most recent conflict that involved multiple wars, targeting militant Islamist and Salafi armed groups such as Al-Qaeda, the Islamic State, and their international affiliates to overthrow governments of various Muslim-majority countries. Other major targets were the Ba'athist regime in Iraq, which was toppled during an invasion in 2003, and various militant factions that fought during the ensuing in May 2013.",852,563,461,346,0.541,0.615,False,False,False
"Hamas, the governing authority in the Gaza Strip, has constructed a sophisticated network of military tunnels since it seized control of the Strip in 2007. The tunnel system branches beneath many Gazan towns and cities, such as Khan Yunis, Jabalia and the Shati refugee camp. The internal tunnels, running some dozens of kilometres within the Gaza Strip, have several functions. Hamas uses the tunnels to hide its arsenal of rocketry underground, to facilitate communication, to permit munition stocks to be hidden, and to conceal militants, making detection from the air difficult. Hamas leader Khalid Meshal said in an interview with Vanity Fair that the tunnel system is a defensive structure, designed to place obstacles against Israel's powerful military arsenal and engage in counter-strikes behind the lines of the","Since assuming control of the Gaza Strip in 2007, Hamas has developed a sophisticated network of military tunnels that tunnel into various Gazan towns and cities, including Khan Yunis, Jabalia, and the Shati refugee camp. These tunnels serve multiple functions, including concealing rocketry, facilitating communication, concealing munition stocks, and concealing militants from the air, making detection difficult.",821,415,466,256,0.568,0.617,False,False,False
"Election to the 6th convocation of the Moscow City Duma took place on the United Voting Day on September 14, 2014. The elections were held in full by the majority system, 45 deputies were elected in 45 single-member constituencies (previously there were 35 deputies in the Duma) out of 258 candidates. The term of the new Duma will be five years. The elections were held on September 14 on more than 3,500 ballots in the city. The final results were announced on September 16, 2014.17 deputies from the previous City Duma retained their seats. After processing 100% of the ballots, the leaders of the vote were: 28 people nominated by the United Russia party, 5 by the Communist Party, 1 by the LDPR, 1 by Rodina, and 10","The Moscow City Duma was elected for its 6th convocation on September 14, 2014, using the United Voting Day. The majority system conducted the elections, with 45 deputies elected from 45 single-member constituencies out of 258 candidates. The election was held on September 14 and over 3,500 ballots in the city. The final results were announced on September 16, 2014.17. The leaders of the vote were: 28 people nominated by the United Russia party, 5 by the Communist Party, 1 by the LDPR, 1by Rodina, and 10 people.",720,517,391,306,0.543,0.592,False,False,False
"The Abkhazian Revolution took place in 2014, when President Aleksandr Ankvab resigned after hundreds of demonstrators stormed his office. After mass protests in the capital Sukhumi and the occupation of his office on 27 May, Ankvab fled to his hometown of Gudauta and ultimately resigned on 1 June, after previously denouncing the demonstration as an attempted coup d'état.The uprising was attributed to public anger with Ankvab over his perceived liberal policy toward ethnic Georgians in Abkhazia, a breakaway republic with limited recognition. Although Abkhazia seceded from Georgia in 1992, the Ankvab administration allowed ethnic Georgians to register as voters and receive Abkhazian passports.The revolution led to an early presidential election being called in August 2014. Opposition leader Raul Khajimba was elected president with a narrow majority of the","In 2014, the Abkhazian Revolution occurred, with hundreds of demonstrators storming his office. Following widespread protests in the capital Sukhumi and the occupation of his office on 27 May, Ankvab fled to his hometown of Gudauta and ultimately resigned on 1 June, having previously criticized the demonstration as an attempted coup d'état. The uprising was attributed to public outrage directed by Ankvasab over his liberal policy towards ethnic Georgians in Abkhazies, which allowed ethnic",865,493,486,317,0.562,0.643,False,False,False
"Organizations from around the world responded to the West African Ebola virus epidemic. In July 2014, the World Health Organization (WHO) convened an emergency meeting with health ministers from eleven countries and announced collaboration on a strategy to co-ordinate technical support to combat the epidemic. In August, they declared the outbreak an international public health emergency and published a roadmap to guide and coordinate the international response to the outbreak, aiming to stop ongoing Ebola transmission worldwide within 6–9 months. In September, the United Nations Security Council declared the Ebola virus outbreak in the West Africa subregion a ""threat to international peace and security"" and unanimously adopted a resolution urging UN member states to provide more resources to fight the outbreak; the WHO stated that the cost for","The West African Ebola virus epidemic prompted organizations worldwide to take action. In July 2014, the World Health Organization convened an emergency meeting with health ministers from eleven countries to collaborate on technical support. The organization declared the outbreak an international public health emergency in August and published a roadmap to guide and coordinate the international response. The United Nations Security Council declared the West Africa subregion a ""threat to international peace and security"" and unanimously adopted a resolution.",855,563,461,322,0.539,0.572,False,False,False
"In the afternoon of January 21, 2014, the Chinese internet suffered a major failure. The country's DNS infrastructure, which is responsible for translating domain names into IP addresses, started directing unrelated domains from various TLDs to the completely unresponsive IP address 65.49.2.178 at 15:10 (UTC+8). As a result, two-thirds of all domestic websites became non-functional, including such high-traffic sites as Baidu and Sina.It is debated what caused this incident. Chinese officials point to the fact that the IP address is owned by Dynamic Internet Technology, an American Falun Gong-affiliated corporation most known for developing the Great Firewall circumvention tool Freegate, and argue that it was caused by external hacking. Independent researchers, however, argue that the incident is more likely caused by a misconfiguration in Great Firewall's DNS poisoning","In the afternoon of January 21, 2014, the Chinese government's DNS system began redirecting unrelated domains from various TLDs to the unresponsive IP address. This caused a significant disruption to the Chinese internet, with many arguing that it was caused by external hacking. However, some experts suggest that this was not the case, citing Dynamic Internet Technology's ownership of the IP address as the reason for the incident.",881,434,530,280,0.602,0.645,False,True,False
"Japanese whaling, in terms of active hunting of whales, is estimated by the Japan Whaling Association to have begun around the 12th century. However, Japanese whaling on an industrial scale began around the 1890s when Japan started to participate in the modern whaling industry, at that time an industry in which many countries participated. Japan resumed commercial whaling in July 2019, and since then whaling activities have been confined to its territorial waters and exclusive economic zone.During the 20th century, Japan was heavily involved in commercial whaling. This continued until the International Whaling Commission (IWC) moratorium on commercial whaling went into effect in 1986. Japan continued to hunt whales using the scientific research provision in the agreement and Japanese whaling was conducted by the Institute of Cetacean Research.","According to the Japan Whaling Association, the history of Japanese whaling dates back to the 12th century, but it started on an industrial level in the 1890s. Since then, Japan has been actively engaged in commercial whaching, which has been limited to its territorial waters and exclusive economic zone, until the IWC moratorium in 1986.",855,339,444,224,0.519,0.661,False,True,False
"General elections were held in Bosnia and Herzegovina on 12 October 2014. They decided the makeup of Bosnia and Herzegovina's Presidency as well as national, entity, and cantonal governments. Voter turnout was 54.4%.The elections for the House of Representatives were divided into two; one for the Federation of Bosnia and Herzegovina and one for Republika Srpska. In the presidential election, voters in the Federation re-elected Bosniak Bakir Izetbegović and elected Croat Dragan Čović, while voters in Republika Srpska elected Serb Mladen Ivanić. The Party of Democratic Action emerged as the largest party in the House of Representatives, winning 10 of the 42 seats. While the Bosniak member Bakir Izetbegović was the only member of the tripartite Presidency to be re-elected, Serb member Mladen Ivanić was chosen as the","The Presidency of Bosnia and Herzegovina, along with national, entity, and cantonal governments, were decided by general elections in 2014, with a 54.4% voter turnout. The House of Representatives was divided into two categories: Bosniak Bakir Izetbegovi and Croat Dragan ovi in the Federation, and Serb Mladen Ivani in Republika Srpska, with the Party of Democratic Action winning 10 of the 42 seats.",824,401,417,268,0.506,0.668,False,True,False
"Presidential elections were held in Egypt between 26 and 28 May 2014. There were only two candidates, former Egyptian defence minister Abdel Fattah el-Sisi and Egyptian Popular Current candidate Hamdeen Sabahi. El-Sisi won the election in a landslide victory, having received 97% of votes. Before announcing his candidacy in the election, el-Sisi, who as Defence Minister also served as Commander-in-Chief of the Egyptian Armed Forces, was responsible for officially announcing the removal of president Mohamed Morsi from office in the aftermath of the June 2013 Egyptian protests. After Morsi's removal, Sisi installed a temporary interim government, but remained Egypt's Minister of Defence and assumed the role of the country's First Deputy Prime Minister. On 26 March 2014, he officially retired from the military, and announced that he would","Egypt conducted presidential elections from 26 to 28 May 2014, with only two candidates - former Egyptian defence minister Abdel Fattah el-Sisi and Egyptian Popular Current candidate Hamdeen Sabahi - in the running. El-Siri won with a landslide 97% of the vote, while Sisi, who held the position of Defence Minister and Commander-in-Chief of the Egyptian Armed Forces, was responsible for formally announcing the removal of president Mohamed Morsi in June 2013 in",846,463,463,296,0.547,0.639,False,False,False
"Simon Hall (1977 or 1978 – 23 February 2014) was a British murderer who was wrongly helped by 'miscarriage of justice' campaigners, only for him to go on to confess to the murder he was convicted of and prove he was rightly convicted. Hall stabbed 79-year-old pensioner Joan Albert to death in her home in Capel St Mary, Suffolk in 2001, and was convicted of her murder two years later. Subsequently, the high-profile miscarriage of justice programme Rough Justice took up his case and aired a programme campaigning for him. Several MPs, Bristol University's 'Innocence Project' campaign group, his mother and girlfriend were also deceived into campaigning for him, and the Criminal Cases Review Commission (which had itself been set up in response to Rough Justice in 1997)","Simon Hall, a British murderer, was wrongly influenced by 'miscarriage of justice' campaigners, but he eventually confessed to the murder and was convicted two years later. He was later campaigned for by Rough Justice, who took his case and aired it. Additionally, several MPs, Bristol University's 'Innocence Project' campaign group, his mother, and girlfriend were also deceived into campaigning for him, and the Criminal Cases Review Commission was also campaigning.",774,469,458,292,0.592,0.623,False,False,False
"Talking Statues is a project created initially in 2013 by David Peter Fox in Copenhagen, Denmark involving pre-recorded voiceovers accompanying various statues available in a smartphone app. The statue of Hans Christian Andersen in the King's Garden in Copenhagen was the first talking statue in the world. Later the idea was applied in Helsinki, New York, London, San Diego, Chicago, Vilnius, Parma, Dublin, Berlin, Manchester, and others. The project works with mobile technology and activated through a QR code found on the statue, when you scan it you will be called. You can also download our app, then you can find the Talking Statues in the world and have it talk to GPS so that they call you on your smartphone when you get close to the statue.","In 2013, David Peter Fox launched Talking Statues, a project that utilized pre-recorded voiceovers to accompany statues. The statue of Hans Christian Andersen in the King's Garden in Copenhagen was the first to use the app, which works with mobile technology and activates a QR code to alert you when you come close to the statue.",752,330,437,230,0.581,0.697,False,True,False
"The 6th BRICS summit was the sixth annual diplomatic meeting of the BRICS, a grouping of major emerging economies that includes Brazil, Russia, India, China and South Africa. It was hosted by Brazil, as the first host country of the current five-year summit cycle; the host city was Fortaleza. Though Brazil had previously hosted a four-member BRIC summit in April 2010, 2014 marked its first full BRICS summit; the 2010 summit in Brasília did not officially include South Africa, who were only invited as guests as a prelude to their gaining full membership in December 2010. Argentine President Cristina Kirchner was a special guest of the summit, and the BRICS leaders met with their UNASUR counterparts shortly after. The 6th BRICS summit resulted in the official inauguration of","The BRICS summit was held for the sixth year in a row, and it was hosted by Brazil, which was the first host country of the current five-year summit cycle. Brazil had previously hosted a four-member BRIC summit in April 2010, but South Africa was not invited as guests before the summit.",783,287,441,189,0.563,0.659,False,True,False
"William Tyrrell (born 26 June 2011) is an Australian boy who disappeared at the age of three from Kendall, New South Wales, on 12 September 2014. He had been playing at his foster grandmother's house with his sister, and was wearing a Spider-Man suit at the time of his disappearance. For the first seven years of the investigation, Tyrrell was believed to have been abducted. On 12 September 2016, a reward of A$1 million was offered for the recovery of Tyrrell and did not require the arrest, charging or conviction of any person or persons.On 15 November 2021, after receiving new evidence, the New South Wales Police Force renewed the search for Tyrrell in three areas surrounding Kendall, assuming that they were searching for human remains. On 17","On 12 September 2014, an Australian boy named William Tyrrell (born 26 June 2011) vanished from Kendall, New South Wales, at the age of three. He was wearing a Spider-Man suit and playing at his foster grandmother's house with his sister during the investigation. During the first seven years of the investigation, it was believed that Tyrrell had been abducted. A reward of A$1 million was offered for the recovery of Tyrrell, which did not require the arrest, charging or conviction of any person or persons. On 15 November 2021, the New",752,539,436,342,0.58,0.635,False,False,False
"During the ongoing Russo-Ukrainian War between the Ukrainian government forces and pro-Russian separatists in the Donbas region of Ukraine that began in April 2014, many international organisations and states noted a deteriorating humanitarian situation in the conflict zone. A May 2014 report by the United Nations said there had been an ""alarming deterioration"" in human rights in territory held by Russian separatists affiliated with the Donetsk People's Republic (DPR) and Luhansk People's Republic (LPR). The UN Human Rights Monitoring Mission in Ukraine (HRMMU) reported growing lawlessness in the region, documenting cases of targeted killings, torture, and abduction. HRMMU also reported threats against, attacks on, and abductions of journalists and international observers, as well as the beatings and attacks on supporters of Ukrainian unity. A report by Human Rights","The Russo-Ukrainian War, which began in April 2014, between Ukrainian government forces and pro-Russian separatists in the Donbas region of Ukraine, has caused a deterioration in the humanitarian situation, according to many international organizations and states. The United Nations reported in May 2014 that there had been a significant decline in human rights in the territory of the Russians affiliated with the DPR and LPR. The UN Human Rights Monitoring Mission in Ukraine (HRMMU) documented increasing lawlessness in the region, including threats, torture, and ab",878,570,464,338,0.528,0.593,False,False,False
"Operation Car Wash (Portuguese: Operação Lava Jato) was a criminal investigation by the Federal Police of Brazil's Curitiba branch. It began in March 2014 and was initially headed by investigative judge Sérgio Moro, and in 2019 by Judge Luiz Antônio Bonat. It has resulted in more than a thousand warrants of various types. According to the Operation Car Wash task force, investigations implicate administrative members of the state-owned oil company Petrobras, politicians from Brazil's largest parties (including presidents of the Republic), presidents of the Chamber of Deputies and the Federal Senate, state governors, and businessmen from large Brazilian companies. The Federal Police consider it the largest corruption investigation in the country's history. The taskforce was officially disbanded on 1 February 2021.Originally a money laundering investigation, it expanded to","Operation Car Wash, a criminal investigation by the Federal Police of Brazil's Curitiba branch, began in March 2014 and was led by investigative judge Sérgio Moro. Judge Luiz Antônio Bonat was later appointed to lead the investigation. The taskforce involved administrative members of the state-owned oil company Petrobras, politicians (including presidents of the Republic), and businessmen from large Brazilian companies. The Federal Police considers it the most extensive corruption investigation in the country's history and was disbanded on 1 February 20",882,559,501,348,0.568,0.623,False,False,False
"Euromaidan (; Ukrainian: Євромайдан, romanized: Yevromaidan, lit. 'Euro Square', IPA: [jeu̯romɐjˈdɑn]), or the Maidan Uprising, was a wave of demonstrations and civil unrest in Ukraine, which began on 21 November 2013 with large protests in Maidan Nezalezhnosti (Independence Square) in Kyiv. The protests were sparked by President Viktor Yanukovych's sudden decision not to sign the European Union–Ukraine Association Agreement, instead choosing closer ties to Russia and the Eurasian Economic Union. Ukraine's parliament had overwhelmingly approved of finalizing the Agreement with the EU, but Russia had put pressure on Ukraine to reject it. The scope of the protests widened, with calls for the resignation of Yanukovych and the Azarov government. Protesters opposed what they saw as widespread government corruption, abuse of power, human rights violations, and the influence of","The Maidan Uprising, also known as Euromaidan, was a series of protests and civil unrest that began in Maidan Nezalezhnosti (Independence Square) in Kiev on 21 November 2013. The uprising was triggered by President Viktor Yanukovych's decision to opt for closer ties with Russia and the Eurasian Economic Union, rather than signing the European Union-Ukraine Association.",883,371,559,258,0.633,0.695,False,True,False
"The 2013–2014 Israeli–Palestinian peace talks were part of the Israeli–Palestinian peace process. Direct negotiations between Israel and the Palestinians began on 29 July 2013 following an attempt by United States Secretary of State John Kerry to restart the peace process. Martin Indyk of the Brookings Institution in Washington, D.C. was appointed by the US to oversee the negotiations. Indyk served as U.S. ambassador to Israel and assistant secretary of state for Near East affairs during the Clinton administration. Hamas, the Palestinian government in Gaza, rejected Kerry's announcement, stating that Palestinian president Mahmoud Abbas has no legitimacy to negotiate in the name of the Palestinian people.The negotiations were scheduled to last up to nine months to reach a final status to the Palestinian-Israeli conflict by mid-2014. The Israeli negotiating","The Israeli-Palestinian peace talks of 2013-2014 were part of the ongoing peace process, which commenced on July 29, 2013, after United States Secretary of State John Kerry tried to restart the peace process. Martin Indyk was appointed as the US ambassador to Israel and assistant secretary of state for Near East affairs during the Clinton administration. Hamas denied Kerry's announcement, stating that he lacked the authority to negotiate in the name of the Palestinian people.",867,480,467,297,0.539,0.619,False,False,False
"The impact of the Arab Spring concerns protests or by the way attempts to organize growing protest movements that were inspired by or similar to the Arab Spring in the Arab-majority states of North Africa and the Middle East, according to commentators, organisers, and critics. These demonstrations and protest efforts have all been critical of the government in their respective countries, though they have ranged from calls for the incumbent government to make certain policy changes to attempts to bring down the current political system in its entirety. In some countries, protests have become large or widespread enough to effect change at the national level, as in Armenia, while in others, such as Djibouti, were swiftly suppressed.Protests considered to be inspired by the Arab Spring have taken place","According to commentators, organisers, and critics, the Arab Spring has impacted protests or attempts to organize protest movements that were influenced by or comparable to those in North Africa and the Middle East. These demonstrations and protest efforts have all been critical of the government in their countries, but also ranged from calls for the incumbent government to make certain policy changes to attempts to overthrow the current political system in its entirety. Some countries have witnessed large-scale or widespread protests that have led to change at the national level, as in Armenia, while others, Djibouti were quickly suppressed protests",809,658,431,370,0.533,0.562,False,False,False
"Around midday on October 22, 2014, a passing motorist saw an Asian woman walking north along the Ingraham Trail on the outskirts of Yellowknife in the Northwest Territories, Canada. Several days later, after seeing stories in the local media that 45-year old Atsumi Yoshikubo (吉窪昌美) who had been visiting the city from her home in southern Japan, had gone missing, she reported the sighting. It was the last time she was seen alive. Yoshikubo's absence was first noted five days after that sighting, when staff at her hotel noticed she had not checked out two days after her stay was due to have ended. In her room they found her luggage, still packed; she had apparently never boarded her flight home. Footage from the hotel's security camera showed","On October 22, 2014, a passing motorist spotted an Asian woman walking north along the Ingraham Trail on the outskirts of Yellowknife in the Northwest Territories, Canada. After reading reports in the local media that Atsumi Yoshikubo had been visiting the area from her home in southern Japan, she reported the sighting. The last time she was alive was five days after the incident, when the hotel staff noticed she had not checked out two days after her stay was over and found her luggage, which had apparently never board .",750,527,465,322,0.62,0.611,False,False,False
"The third edition of the Champs-Élysées Film Festival was held from 11 to 17 June 2014, with actors Jacqueline Bisset and Bertrand Tavernier as Honorary Presidents and Keanu Reeves, Agnès Varda, Whit Stillman and Mike Figgis as Guests of Honor. More than 120,000 people attended the Festival, with more than 110 films screened. Ronit Elkabetz and Shlomi Elkabetz's Gett: The Trial of Viviane Amsalem was shown at the Closing Ceremony. Along with its competitive Official Selections for American feature-length films, American Shorts and French Shorts, the Festival presented a wide selection of important American and French movie premieres, the TCM Cinema Essentials, a thirteen-film selection of American classics, and the Great French Classics, a five-film selection. Both Honorary Presidents held masterclasses, and the Guests of Honor presented each","The third edition of the Champs-Élysées Film Festival was held from 11 to 17 June 2014, and it was attended by more than 120,000 people, including actors Jacqueline Bisset and Bertrand Tavernier as Honorary Presidents and Keanu Reeves, Agnès Varda, Whit Stillman and Mike Figgis as Guests of Honor. The Festival also showcased a wide range of important American and French movie premieres, TCM Cinema Essentials, a thirteen-film selection of American classics, and the Great French Classics.",854,491,483,332,0.566,0.676,False,False,False
"The following addresses the events in Northern Afghanistan between April 2009 and 2014. While this part of the country had long been relatively peaceful compared to the all-out war zones of the south and east, tensions would flare up again in 2008 when the German soldiers deployed to the area came under attack more often, leading to the deaths of the several soldiers. Previously hindered by national caveats, the deteroriating security situation prompted the German-led Regional Command North to launch a series of operations to take on the rising insurgency. Concerted operations began after an insurgent attack on PRT Kunduz within minutes of German Chancellor Angela Merkel's departure from a visit. Within two years, the German presence would be doubled and additional reinforcements from the American ISAF contingent","During the period of April 2009 to 2014, Northern Afghanistan experienced heightened tensions due to frequent attacks on German soldiers. This resulted in the deaths of several soldiers. The insurgency was exacerbated by a recent insurgent attack on PRT Kunduz, which was promptly followed by concerted operations by the German-led Regional Command North.",824,355,480,238,0.583,0.67,False,True,False
"The 2014 Australian federal budget was the federal budget to fund government services and operations for the 2014/15 financial year. The 2014 budget was the first delivered by the Abbott government, since the Coalition's victory in the 2013 Australian federal election. Treasurer Joe Hockey presented the budget to the House of Representatives on 13 May 2014.The budget featured significant changes to address a perceived deficit crisis. This included a proposed dramatic downsizing of government bureaucracy, and contained significant changes to welfare, new initiatives for a medical research fund and spending on roads. A budget surplus exceeding 1% of GDP was not expected until 2023.The austere budget faced widespread criticism and was overwhelmingly rejected by the Australian public as reflected in all opinion polls after its release. Opposition to","The 2014 Australian federal budget was the first time the Abbott government delivered a budget for the 2014/15 financial year since the 2013 election. It was presented to the House of Representatives by Treasurer Joe Hockey on May 13, 2014, to address a perceived deficit crisis. This included a proposed proposed dramatic reduction in government bureaucracy, significant changes to welfare, new initiatives for a medical research fund, and spending on roads. The budget was not expected to exceed 1% of GDP until 2023, and it faced widespread criticism. This was not supported by the Australian public.",857,603,464,360,0.541,0.597,False,False,False
"The Report of the Commission of Inquiry on Human Rights in the Democratic People's Republic of Korea is the landmark document resulting from the investigations on human rights in North Korea commissioned by the United Nations Human Rights Council in 2013 and concluded in 2014.The report unequivocally concluded that the North Korean government systematically violated human rights including freedom of thought, expression and religion; freedom from discrimination; freedom of movement and residence; and the right to food.The Commission further determined that North Korea had committed crimes against humanity and manifestly failed to uphold its responsibility to protect. These crimes entail ""extermination, murder, enslavement, torture, imprisonment, rape, forced abortions and other sexual violence, persecution on political, religious, racial and gender grounds, the forcible transfer of populations, the enforced disappearance","The United Nations Human Rights Council commissioned the Report of the Commission of Inquiry on Human Rights in the Democratic People's Republic of Korea in 2013. The report concluded that the government had systematically violated human rights, including freedom of thought, expression, and religion, as well as freedom of movement and residence.",933,347,492,220,0.527,0.634,False,True,False
"Fantastica Mania 2014 was a series of five professional wrestling events co-produced by Japanese promotion New Japan Pro-Wrestling (NJPW) and Mexican promotion Consejo Mundial de Lucha Libre (CMLL) taking place between January 15 and 19, 2014. 2014 was the fourth year in which NJPW and CMLL come together to produce Fantastica Mania events, but the first time they held five events in one year, compared to two events in 2011 and 2012 and three in 2013. 2014 also marked the first time Fantasticamania events were held outside of Tokyo's Korakuen Hall, with the January 14 taking place in Osaka, Osaka at the Bodymaker Colosseum, the January 15 event in Kyoto, Kyoto at the KBS Hall and the January 17 event in Tokyo's Shin-Kiba 1st Ring, while the January","New Japan Pro-Wrestling (NJPW) and Mexican promotion Consejo Mundial de Lucha Libre (CMLL) co-produced Fantastica Mania 2014, a series of five professional wrestling events held from January 15 to 19, 2014.",757,206,408,165,0.539,0.801,False,True,False
"The Argentine debt restructuring is a process of debt restructuring by Argentina that began on January 14, 2005, and allowed it to resume payment on 76% of the US$82 billion in sovereign bonds that defaulted in 2001 at the depth of the worst economic crisis in the nation's history. A second debt restructuring in 2010 brought the percentage of bonds under some form of repayment to 93%, though ongoing disputes with holdouts remained. Bondholders who participated in the restructuring settled for repayments of around 30% of face value and deferred payment terms, and began to be paid punctually; the value of their nearly worthless bonds also began to rise. The remaining 7% of bondholders were later repaid 25% less then they were demanding, after centre-right and US-aligned leader","The Argentine debt restructuring, which began on January 14, 2005, allowed the country to recoup 76% of the US$82 billion in sovereign bonds that defaulted in 2001 during the worst economic crisis in the country's history. A second debt restructuring in 2010 brought the percentage of bonds under some form of repayment to 93%, although there were still ongoing disputes with holdouts. Bondholders who participated in the restructuring settled for repayments of approximately 30% of face value and deferred payment terms, and the value of their bonds began to rise, while the remaining 7% of bondholders were repaid 25% less than",785,629,430,365,0.548,0.58,False,False,False
"The Toronto Rock are a lacrosse team based in Toronto playing in the National Lacrosse League (NLL). The 2014 season was the 17th in franchise history, and 16th as the Rock. After an up-and-down start to the season, the Rock acquired goaltender Brandon Miller from the Philadelphia Wings at the trade deadline hoping to revitalize their shaky defense. On April 5, star forward Garrett Billings tore his ACL during a game against the Vancouver Stealth and was lost for the remainder of the season. Despite losing the league's scoring leader, the Rock won that game, which started a four-game winning streak to finish the regular season and clinch second place in the Eastern division ahead of the slumping Buffalo Bandits. But the Bandits ended their 8-game losing streak","The Toronto Rock, a lacrosse team in the National Lacrosse League (NLL), had a challenging start to their 2014 season. They signed goaltender Brandon Miller from the Philadelphia Wings at the trade deadline, with hopes of reinvigorating their defense. However, star forward Garrett Billings suffered a minor injury on April 5th, which resulted in him losing his ACL in a game against the Vancouver Stealth. The Rock then won four straight games, ending their losing streak and securing second place in the Eastern",770,513,448,330,0.582,0.643,False,False,False
"Declared in June 2014, the West and Central African cholera outbreak as of January 25, 2015 claimed 1,683 registered deaths and over 91,361 reported cases with a reported case fatality rate (CFR) of 2% in 11 countries, which is 3 times more than in 2013. The case fatality ratio is high in the Sahelian area, equal or greater than 2%, especially in Nigeria, Chad, Cameroon and Niger. Nigeria, Ghana and Democratic Republic of the Congo being the most affected countries with Ghana reporting its worst outbreak since 1982.In January 2015 the Greater Accra Region and Volta region still reported cases of Cholera while in the rest of Ghana the outbreak was declared over. As of January 11 the Democratic Republic of the Congo, Ghana and Nigeria are the","The West and Central African cholera outbreak, which was declared in June 2014, resulted in 1,683 deaths and over 91,361 cases as of January 25, 2015, with a reported case fatality rate (CFR) of 2% in 11 countries. The worst affected countries were Nigeria, Ghana, and Democratic Republic of the Congo, with Ghana reporting its worst outbreak since 1982.",750,354,409,246,0.545,0.695,False,True,False
"Julieka Ivanna Dhu (commonly referred to as Ms Dhu; her first name was generally not used in media reports out of respect for Aboriginal naming customs) was a 22-year-old Aboriginal Australian woman who died in police custody in South Hedland, Western Australia, in 2014. On 2 August that year, police responded to a report that Dhu's partner had violated an apprehended violence order. Upon arriving at their address, the officers arrested both Dhu and her partner after realising there was also an outstanding arrest warrant for unpaid fines against Dhu. She was detained in police custody in South Hedland and was ordered to serve four days in custody in default of her debt. While in custody, Dhu complained of pain and was twice taken to the Hedland Health","Ms Dhu, a 22-year-old Aboriginal Australian woman, died in police custody in South Hedland, Western Australia in 2014, after her partner was found to have violated an apprehended violence order. The police arrested her and her partner on August 2nd. She was taken into custody for failing to pay the outstanding fines and was sentenced to four days in prison. She also complained of pain and was taken to the hospital twice for further treatment.",761,446,415,274,0.545,0.614,False,False,False
"Between 13 and 18 May 2014 a low-pressure cyclone designated Tamara and Yvette affected a large area of Southeastern and Central Europe, causing floods and landslides. Serbia and Bosnia and Herzegovina suffered the greatest damage, as the rain was the heaviest in 120 years of recorded weather measurements. By 20 May, at least 62 people had died as a result of the flooding, and hundreds of thousands had been forced from their homes. Towns of Obrenovac in Serbia and Doboj in Bosnia and Herzegovina account for most victims, after being inundated by several-meter high waters from nearby rivers.Floodwaters caused over 2,000 landslides across Southeast Europe, spreading damage across many towns and villages. The rains activated torrents and mudslides, and subsequently several rivers in watersheds of Sava and Morava","Between 13 and 18 May 2014, a low-pressure cyclone named Tamara and Yvette impacted a significant portion of Southeastern and Central Europe, resulting in floods and landslides. Serbia and Bosnia and Herzegovina were the most affected areas, as the rainfall was the highest in 120 years.",820,287,457,205,0.557,0.714,False,True,False
"Arturo (1985 – July 3, 2016) was a polar bear living in Mendoza Zoological Park in Mendoza, Argentina, the only polar bear living in the country. He was born in the United States and transferred to Argentina in 1993. His companion, a female named Pelusa, died of cancer in 2012. The living conditions of the cage Arturo resided in were controversial, as temperatures reach up to 40 °C (104 °F) in Argentina, and the pool in Arturo's cage was only 51 centimetres (20 in) deep. Animal rights activists had, in response, dubbed Arturo the ""world's saddest animal"" and promoted a petition to have him moved to Assiniboine Park Zoo, a zoo in Winnipeg, Manitoba, Canada. The petition was created by Laura Morales of Hamilton, Ontario. It gained considerable","Arturo, a polar bear that lived in Mendoza Zoological Park in Argentina, was born in the United States and moved to the country in 1993. His female companion, Pelusa, died of cancer in 2012. The cage's conditions were disputed by animal rights activists, who dubbed him the ""world's saddest animal"" and launched a petition to move him to Assiniboine Park Zoo. The petition was created by Laura Morales from Hamilton, Manitoba, Canada. It gained considerable popularity.",751,469,466,308,0.621,0.657,False,False,False
"Malaysia Airlines Flight 17 (MH17/MAS17) was a scheduled passenger flight from Amsterdam to Kuala Lumpur that was shot down by Russian-controlled forces on 17 July 2014, while flying over eastern Ukraine. All 283 passengers and 15 crew were killed. Contact with the aircraft, a Boeing 777-200ER, was lost when it was about 50 km (31 mi) from the Ukraine–Russia border, and wreckage from the aircraft fell near Hrabove in Donetsk Oblast, Ukraine, 40 km (25 mi) from the border. The shoot-down occurred during the war in Donbas over territory controlled by Russian separatist forces.The responsibility for investigation was delegated to the Dutch Safety Board (DSB) and the Dutch-led joint investigation team (JIT), who in 2016 reported that the airliner had been downed by a Buk surface-to-air missile launched","The Malaysia Airlines Flight 17 (MH17/MAS17) was a scheduled passenger flight from Amsterdam to Kuala Lumpur, but it was shot down by Russian-controlled forces on 17 July 2014. The aircraft, a Boeing 777-200ER, lost contact at a distance of 50 km from the Ukraine-Russia border, and the wreckage fell near Hrabove in Donetsk Oblast, Ukraine, approximately 40 km away from the border. The Dutch Safety Board (DSB) and the Dutch-led joint investigation team (JIT) took the responsibility for the tragedy.",809,502,494,342,0.611,0.681,False,False,False
